season,team,avg_fg3_pct,wins,total_games,win_pct
1979,ATL,0.34049999999999997,50,82,0.6097560975609756
1979,BOS,0.34049999999999997,61,82,0.7439024390243902
1979,CHI,0.34049999999999997,30,82,0.36585365853658536
1979,CLE,0.34049999999999997,37,82,0.45121951219512196
1979,DEN,0.34049999999999997,30,82,0.36585365853658536
1979,DET,0.34049999999999997,16,82,0.1951219512195122
1979,GOS,0.34049999999999997,24,82,0.2926829268292683
1979,HOU,0.34049999999999997,41,82,0.5
1979,IND,0.34049999999999997,37,82,0.45121951219512196
1979,KCK,0.34049999999999997,47,82,0.573170731707317
1979,LAL,0.34049999999999997,60,82,0.7317073170731707
1979,MIL,0.3403170731707317,49,82,0.5975609756097561
1979,NJN,0.34049999999999997,34,82,0.4146341463414634
1979,NYK,0.34049999999999997,39,82,0.47560975609756095
1979,PHL,0.34049999999999997,59,82,0.7195121951219512
1979,PHX,0.3406829268292683,55,82,0.6707317073170732
1979,POR,0.34049999999999997,38,82,0.4634146341463415
1979,SAN,0.34049999999999997,41,82,0.5
1979,SDC,0.34049999999999997,35,82,0.4268292682926829
1979,SEA,0.34049999999999997,56,82,0.6829268292682927
1979,UTH,0.34049999999999997,24,82,0.2926829268292683
1979,WAS,0.34049999999999997,39,82,0.47560975609756095
1980,ATL,0.34049999999999997,31,82,0.3780487804878049
1980,BOS,0.34049999999999997,62,82,0.7560975609756098
1980,CHI,0.34049999999999997,45,82,0.5487804878048781
1980,CLE,0.34049999999999997,28,82,0.34146341463414637
1980,DAL,0.34049999999999997,15,82,0.18292682926829268
1980,DEN,0.34049999999999997,37,82,0.45121951219512196
1980,DET,0.34049999999999997,21,82,0.25609756097560976
1980,GOS,0.34049999999999997,39,82,0.47560975609756095
1980,HOU,0.34049999999999997,40,82,0.4878048780487805
1980,IND,0.34049999999999997,44,82,0.5365853658536586
1980,KCK,0.34049999999999997,40,82,0.4878048780487805
1980,LAL,0.34049999999999997,54,82,0.6585365853658537
1980,MIL,0.34049999999999997,60,82,0.7317073170731707
1980,NJN,0.34049999999999997,24,82,0.2926829268292683
1980,NYK,0.34049999999999997,50,82,0.6097560975609756
1980,PHL,0.34049999999999997,62,82,0.7560975609756098
1980,PHX,0.34049999999999997,57,82,0.6951219512195121
1980,POR,0.34049999999999997,45,82,0.5487804878048781
1980,SAN,0.34049999999999997,52,82,0.6341463414634146
1980,SDC,0.34049999999999997,36,82,0.43902439024390244
1980,SEA,0.34049999999999997,34,82,0.4146341463414634
1980,UTH,0.34049999999999997,28,82,0.34146341463414637
1980,WAS,0.34049999999999997,39,82,0.47560975609756095
1981,ATL,0.34995121951219516,42,82,0.5121951219512195
1981,BOS,0.33793902439024387,63,82,0.7682926829268293
1981,CHI,0.32189024390243903,34,82,0.4146341463414634
1981,CLE,0.33812195121951216,15,82,0.18292682926829268
1981,DAL,0.3482682926829268,28,82,0.34146341463414637
1981,DEN,0.3421829268292683,46,82,0.5609756097560976
1981,DET,0.3401463414634146,39,82,0.47560975609756095
1981,GOS,0.33237804878048777,45,82,0.5487804878048781
1981,HOU,0.3393170731707317,46,82,0.5609756097560976
1981,IND,0.3198536585365854,35,82,0.4268292682926829
1981,KCK,0.33625609756097563,30,82,0.36585365853658536
1981,LAL,0.3330365853658537,57,82,0.6951219512195121
1981,MIL,0.3408658536585366,55,82,0.6707317073170732
1981,NJN,0.32403658536585367,44,82,0.5365853658536586
1981,NYK,0.3362073170731707,33,82,0.4024390243902439
1981,PHL,0.2721707317073171,58,82,0.7073170731707317
1981,PHX,0.342,46,82,0.5609756097560976
1981,POR,0.33625609756097563,42,82,0.5121951219512195
1981,SAN,0.338109756097561,48,82,0.5853658536585366
1981,SDC,0.33106097560975606,17,82,0.2073170731707317
1981,SEA,0.3364390243902439,52,82,0.6341463414634146
1981,UTH,0.32389024390243903,25,82,0.3048780487804878
1981,WAS,0.32764634146341465,43,82,0.524390243902439
1982,ATL,0.32836585365853654,43,82,0.524390243902439
1982,BOS,0.3269390243902439,56,82,0.6829268292682927
1982,CHI,0.34302439024390247,28,82,0.34146341463414637
1982,CLE,0.32370731707317074,23,82,0.2804878048780488
1982,DAL,0.34926829268292686,38,82,0.4634146341463415
1982,DEN,0.33625609756097563,45,82,0.5487804878048781
1982,DET,0.32778048780487806,37,82,0.45121951219512196
1982,GOS,0.3321951219512195,30,82,0.36585365853658536
1982,HOU,0.33829268292682924,14,82,0.17073170731707318
1982,IND,0.337109756097561,20,82,0.24390243902439024
1982,KCK,0.3321951219512195,45,82,0.5487804878048781
1982,LAL,0.33625609756097563,58,82,0.7073170731707317
1982,MIL,0.33042682926829264,51,82,0.6219512195121951
1982,NJN,0.31982926829268293,49,82,0.5975609756097561
1982,NYK,0.32778048780487806,44,82,0.5365853658536586
1982,PHL,0.2507439024390244,65,82,0.7926829268292683
1982,PHX,0.33524390243902435,53,82,0.6463414634146342
1982,POR,0.3423536585365854,46,82,0.5609756097560976
1982,SAN,0.34049999999999997,53,82,0.6463414634146342
1982,SDC,0.34256097560975607,25,82,0.3048780487804878
1982,SEA,0.3425365853658537,48,82,0.5853658536585366
1982,UTH,0.3356829268292683,30,82,0.36585365853658536
1982,WAS,0.3322439024390244,42,82,0.5121951219512195
1983,ATL,0.34642682926829266,40,82,0.4878048780487805
1983,BOS,0.3306219512195122,62,82,0.7560975609756098
1983,CHI,0.32795121951219514,27,82,0.32926829268292684
1983,CLE,0.32407317073170727,28,82,0.34146341463414637
1983,DAL,0.35048780487804876,43,82,0.524390243902439
1983,DEN,0.3364390243902439,38,82,0.4634146341463415
1983,DET,0.344390243902439,49,82,0.5975609756097561
1983,GOS,0.3321951219512195,37,82,0.45121951219512196
1983,HOU,0.3364390243902439,29,82,0.35365853658536583
1983,IND,0.336609756097561,26,82,0.3170731707317073
1983,KCK,0.33625609756097563,38,82,0.4634146341463415
1983,LAL,0.34370731707317076,54,82,0.6585365853658537
1983,MIL,0.3310243902439024,50,82,0.6097560975609756
1983,NJN,0.3338780487804878,45,82,0.5487804878048781
1983,NYK,0.3298048780487805,47,82,0.573170731707317
1983,PHL,0.2848536585365854,52,82,0.6341463414634146
1983,PHX,0.3342317073170732,41,82,0.5
1983,POR,0.3321951219512195,48,82,0.5853658536585366
1983,SAN,0.3407317073170732,37,82,0.45121951219512196
1983,SDC,0.33829268292682924,30,82,0.36585365853658536
1983,SEA,0.33829268292682924,42,82,0.5121951219512195
1983,UTH,0.3374268292682927,45,82,0.5487804878048781
1983,WAS,0.3318414634146341,35,82,0.4268292682926829
1984,ATL,0.3314512195121951,34,82,0.4146341463414634
1984,BOS,0.33329268292682923,63,82,0.7682926829268293
1984,CHI,0.3291951219512195,38,82,0.4634146341463415
1984,CLE,0.3338780487804878,36,82,0.43902439024390244
1984,DAL,0.34560975609756095,44,82,0.5365853658536586
1984,DEN,0.33951219512195124,52,82,0.6341463414634146
1984,DET,0.3186341463414634,46,82,0.5609756097560976
1984,GOS,0.33829268292682924,22,82,0.2682926829268293
1984,HOU,0.3321951219512195,48,82,0.5853658536585366
1984,IND,0.3281829268292683,22,82,0.2682926829268293
1984,KCK,0.33524390243902435,31,82,0.3780487804878049
1984,LAC,0.33818292682926826,31,82,0.3780487804878049
1984,LAL,0.344390243902439,62,82,0.7560975609756098
1984,MIL,0.34220731707317076,59,82,0.7195121951219512
1984,NJN,0.3215731707317073,42,82,0.5121951219512195
1984,NYK,0.33386585365853655,24,82,0.2926829268292683
1984,PHL,0.2817560975609756,58,82,0.7073170731707317
1984,PHX,0.3474390243902439,36,82,0.43902439024390244
1984,POR,0.33829268292682924,42,82,0.5121951219512195
1984,SAN,0.344390243902439,41,82,0.5
1984,SEA,0.33829268292682924,31,82,0.3780487804878049
1984,UTH,0.3367682926829268,41,82,0.5
1984,WAS,0.3397560975609756,40,82,0.4878048780487805
1985,ATL,0.24191463414634146,50,82,0.6097560975609756
1985,BOS,0.3230731707317073,67,82,0.8170731707317073
1985,CHI,0.28441463414634144,30,82,0.36585365853658536
1985,CLE,0.3261219512195122,29,82,0.35365853658536583
1985,DAL,0.3087560975609756,44,82,0.5365853658536586
1985,DEN,0.2213170731707317,47,82,0.573170731707317
1985,DET,0.3080609756097561,46,82,0.5609756097560976
1985,GOS,0.2901219512195122,30,82,0.36585365853658536
1985,HOU,0.26932926829268294,51,82,0.6219512195121951
1985,IND,0.19339024390243903,26,82,0.3170731707317073
1985,LAC,0.24639024390243902,32,82,0.3902439024390244
1985,LAL,0.3425,62,82,0.7560975609756098
1985,MIL,0.357719512195122,57,82,0.6951219512195121
1985,NJN,0.21059756097560975,39,82,0.47560975609756095
1985,NYK,0.3424268292682927,23,82,0.2804878048780488
1985,PHL,0.2261341463414634,54,82,0.6585365853658537
1985,PHX,0.22590243902439025,32,82,0.3902439024390244
1985,POR,0.26339024390243904,40,82,0.4878048780487805
1985,SAC,0.2624390243902439,37,82,0.45121951219512196
1985,SAN,0.23879268292682926,35,82,0.4268292682926829
1985,SEA,0.2509268292682927,31,82,0.3780487804878049
1985,UTH,0.21813414634146341,42,82,0.5121951219512195
1985,WAS,0.25641463414634147,39,82,0.47560975609756095
1986,ATL,0.2901951219512195,57,82,0.6951219512195121
1986,BOS,0.34886585365853656,59,82,0.7195121951219512
1986,CHI,0.21996341463414634,40,82,0.4878048780487805
1986,CLE,0.20439024390243904,31,82,0.3780487804878049
1986,DAL,0.35268292682926833,55,82,0.6707317073170732
1986,DEN,0.25046341463414634,37,82,0.45121951219512196
1986,DET,0.23241463414634145,52,82,0.6341463414634146
1986,GOS,0.3066951219512195,42,82,0.5121951219512195
1986,HOU,0.24675609756097563,42,82,0.5121951219512195
1986,IND,0.27346341463414636,41,82,0.5
1986,LAC,0.2039390243902439,12,82,0.14634146341463414
1986,LAL,0.39264634146341465,65,82,0.7926829268292683
1986,MIL,0.29704878048780486,50,82,0.6097560975609756
1986,NJN,0.3103292682926829,24,82,0.2926829268292683
1986,NYK,0.30817073170731707,24,82,0.2926829268292683
1986,PHL,0.25414634146341464,45,82,0.5487804878048781
1986,PHX,0.2008658536585366,36,82,0.43902439024390244
1986,POR,0.29991463414634145,49,82,0.5975609756097561
1986,SAC,0.24853658536585366,29,82,0.35365853658536583
1986,SAN,0.2847804878048781,28,82,0.34146341463414637
1986,SEA,0.32839024390243904,39,82,0.47560975609756095
1986,UTH,0.3107682926829268,44,82,0.5365853658536586
1986,WAS,0.2058170731707317,42,82,0.5121951219512195
1987,ATL,0.29467073170731706,50,82,0.6097560975609756
1987,BOS,0.3655,57,82,0.6951219512195121
1987,CHI,0.23700000000000002,50,82,0.6097560975609756
1987,CLE,0.3893048780487805,42,82,0.5121951219512195
1987,DAL,0.28570731707317076,53,82,0.6463414634146342
1987,DEN,0.34839024390243906,54,82,0.6585365853658537
1987,DET,0.26907317073170733,54,82,0.6585365853658537
1987,GOS,0.2700487804878049,20,82,0.24390243902439024
1987,HOU,0.22885365853658537,46,82,0.5609756097560976
1987,IND,0.3260975609756097,38,82,0.4634146341463415
1987,LAC,0.2497439024390244,17,82,0.2073170731707317
1987,LAL,0.2876585365853659,62,82,0.7560975609756098
1987,MIL,0.3253536585365854,42,82,0.5121951219512195
1987,NJN,0.26884146341463416,19,82,0.23170731707317074
1987,NYK,0.3147560975609756,38,82,0.4634146341463415
1987,PHL,0.3374390243902439,36,82,0.43902439024390244
1987,PHX,0.2940731707317073,28,82,0.34146341463414637
1987,POR,0.3215487804878049,53,82,0.6463414634146342
1987,SAC,0.29671951219512194,24,82,0.2926829268292683
1987,SAN,0.3078658536585366,31,82,0.3780487804878049
1987,SEA,0.3367926829268293,44,82,0.5365853658536586
1987,UTH,0.3105121951219512,47,82,0.573170731707317
1987,WAS,0.23345121951219514,38,82,0.4634146341463415
1988,ATL,0.27275609756097563,52,82,0.6341463414634146
1988,BOS,0.23469512195121953,42,82,0.5121951219512195
1988,CHH,0.2862439024390244,20,82,0.24390243902439024
1988,CHI,0.3064390243902439,47,82,0.573170731707317
1988,CLE,0.3311219512195122,57,82,0.6951219512195121
1988,DAL,0.3108048780487805,38,82,0.4634146341463415
1988,DEN,0.3398536585365854,44,82,0.5365853658536586
1988,DET,0.2797439024390244,63,82,0.7682926829268293
1988,GOS,0.2842073170731707,43,82,0.524390243902439
1988,HOU,0.3010609756097561,45,82,0.5487804878048781
1988,IND,0.3227439024390244,28,82,0.34146341463414637
1988,LAC,0.21732926829268295,21,82,0.25609756097560976
1988,LAL,0.33158536585365855,57,82,0.6951219512195121
1988,MIA,0.3169390243902439,15,82,0.18292682926829268
1988,MIL,0.2989512195121951,49,82,0.5975609756097561
1988,NJN,0.32396341463414635,26,82,0.3170731707317073
1988,NYK,0.33617073170731704,52,82,0.6341463414634146
1988,PHL,0.3320609756097561,46,82,0.5609756097560976
1988,PHX,0.3477439024390244,55,82,0.6707317073170732
1988,POR,0.3309390243902439,39,82,0.47560975609756095
1988,SAC,0.3434268292682927,27,82,0.32926829268292684
1988,SAN,0.203,21,82,0.25609756097560976
1988,SEA,0.37971951219512196,47,82,0.573170731707317
1988,UTH,0.3103658536585366,51,82,0.6219512195121951
1988,WAS,0.2159390243902439,40,82,0.4878048780487805
1989,ATL,0.2797804878048781,41,82,0.5
1989,BOS,0.24135365853658536,52,82,0.6341463414634146
1989,CHH,0.33114634146341465,19,82,0.23170731707317074
1989,CHI,0.36190243902439023,55,82,0.6707317073170732
1989,CLE,0.4038170731707317,42,82,0.5121951219512195
1989,DAL,0.3180121951219512,47,82,0.573170731707317
1989,DEN,0.33102439024390246,43,82,0.524390243902439
1989,DET,0.3074268292682927,59,82,0.7195121951219512
1989,GOS,0.31940243902439025,37,82,0.45121951219512196
1989,HOU,0.2914878048780488,41,82,0.5
1989,IND,0.37640243902439025,42,82,0.5121951219512195
1989,LAC,0.25285365853658537,30,82,0.36585365853658536
1989,LAL,0.3651219512195122,63,82,0.7682926829268293
1989,MIA,0.27845121951219515,18,82,0.21951219512195122
1989,MIL,0.2832073170731707,44,82,0.5365853658536586
1989,MIN,0.2647317073170732,22,82,0.2682926829268293
1989,NJN,0.28613414634146345,17,82,0.2073170731707317
1989,NYK,0.3295,45,82,0.5487804878048781
1989,ORL,0.2831219512195122,18,82,0.21951219512195122
1989,PHL,0.3455487804878049,53,82,0.6463414634146342
1989,PHX,0.32076829268292684,54,82,0.6585365853658537
1989,POR,0.31697560975609756,59,82,0.7195121951219512
1989,SAC,0.32946341463414636,23,82,0.2804878048780488
1989,SAN,0.2326951219512195,56,82,0.6829268292682927
1989,SEA,0.33402439024390246,41,82,0.5
1989,UTH,0.3536951219512195,55,82,0.6707317073170732
1989,WAS,0.2053048780487805,31,82,0.3780487804878049
1990,ATL,0.3133292682926829,43,82,0.524390243902439
1990,BOS,0.26571951219512197,56,82,0.6829268292682927
1990,CHH,0.31017073170731707,26,82,0.3170731707317073
1990,CHI,0.3507073170731707,61,82,0.7439024390243902
1990,CLE,0.3530853658536585,33,82,0.4024390243902439
1990,DAL,0.31532926829268293,28,82,0.34146341463414637
1990,DEN,0.27614634146341466,20,82,0.24390243902439024
1990,DET,0.28491463414634144,50,82,0.6097560975609756
1990,GOS,0.3374512195121951,44,82,0.5365853658536586
1990,HOU,0.3081219512195122,52,82,0.6341463414634146
1990,IND,0.32295121951219513,41,82,0.5
1990,LAC,0.2492439024390244,31,82,0.3780487804878049
1990,LAL,0.31453658536585366,58,82,0.7073170731707317
1990,MIA,0.2898170731707317,24,82,0.2926829268292683
1990,MIL,0.3294756097560976,48,82,0.5853658536585366
1990,MIN,0.27893902439024393,29,82,0.35365853658536583
1990,NJN,0.271609756097561,26,82,0.3170731707317073
1990,NYK,0.35339024390243906,39,82,0.47560975609756095
1990,ORL,0.3533414634146341,31,82,0.3780487804878049
1990,PHL,0.30571951219512195,44,82,0.5365853658536586
1990,PHX,0.285109756097561,55,82,0.6707317073170732
1990,POR,0.3804390243902439,63,82,0.7682926829268293
1990,SAC,0.37008536585365853,25,82,0.3048780487804878
1990,SAN,0.2295609756097561,55,82,0.6707317073170732
1990,SEA,0.29113414634146345,41,82,0.5
1990,UTH,0.3287560975609756,54,82,0.6585365853658537
1990,WAS,0.19610975609756098,30,82,0.36585365853658536
1991,ATL,0.283609756097561,38,82,0.4634146341463415
1991,BOS,0.2962804878048781,51,82,0.6219512195121951
1991,CHH,0.2971829268292683,31,82,0.3780487804878049
1991,CHI,0.2977317073170732,67,82,0.8170731707317073
1991,CLE,0.3520243902439024,57,82,0.6951219512195121
1991,DAL,0.32651219512195123,22,82,0.2682926829268293
1991,DEN,0.28951219512195125,24,82,0.2926829268292683
1991,DET,0.30253658536585365,48,82,0.5853658536585366
1991,GOS,0.32420731707317074,55,82,0.6707317073170732
1991,HOU,0.3404390243902439,42,82,0.5121951219512195
1991,IND,0.35492682926829267,40,82,0.4878048780487805
1991,LAC,0.27770731707317076,45,82,0.5487804878048781
1991,LAL,0.2899024390243902,43,82,0.524390243902439
1991,MIA,0.345719512195122,38,82,0.4634146341463415
1991,MIL,0.3643658536585366,31,82,0.3780487804878049
1991,MIN,0.31358536585365854,15,82,0.18292682926829268
1991,NJN,0.33624390243902436,40,82,0.4878048780487805
1991,NYK,0.32640243902439026,51,82,0.6219512195121951
1991,ORL,0.30660975609756097,21,82,0.25609756097560976
1991,PHL,0.3418780487804878,35,82,0.4268292682926829
1991,PHX,0.3819268292682927,53,82,0.6463414634146342
1991,POR,0.3335,57,82,0.6951219512195121
1991,SAC,0.3509512195121951,29,82,0.35365853658536583
1991,SAN,0.25803658536585367,47,82,0.573170731707317
1991,SEA,0.30640243902439024,47,82,0.573170731707317
1991,UTH,0.35230487804878047,55,82,0.6707317073170732
1991,WAS,0.25326829268292683,25,82,0.3048780487804878
1992,ATL,0.35598780487804876,43,82,0.524390243902439
1992,BOS,0.264609756097561,48,82,0.5853658536585366
1992,CHH,0.325109756097561,44,82,0.5365853658536586
1992,CHI,0.37628048780487805,57,82,0.6951219512195121
1992,CLE,0.38921951219512196,54,82,0.6585365853658537
1992,DAL,0.33528048780487807,11,82,0.13414634146341464
1992,DEN,0.2901951219512195,36,82,0.43902439024390244
1992,DET,0.31414634146341464,40,82,0.4878048780487805
1992,GOS,0.3456341463414634,34,82,0.4146341463414634
1992,HOU,0.36300000000000004,55,82,0.6707317073170732
1992,IND,0.3239390243902439,41,82,0.5
1992,LAC,0.2562439024390244,41,82,0.5
1992,LAL,0.28901219512195125,39,82,0.47560975609756095
1992,MIA,0.3448170731707317,36,82,0.43902439024390244
1992,MIL,0.3410365853658537,28,82,0.34146341463414637
1992,MIN,0.26857317073170733,19,82,0.23170731707317074
1992,NJN,0.30310975609756097,43,82,0.524390243902439
1992,NYK,0.30279268292682926,60,82,0.7317073170731707
1992,ORL,0.3440975609756098,41,82,0.5
1992,PHL,0.3531951219512195,26,82,0.3170731707317073
1992,PHX,0.3625365853658537,62,82,0.7560975609756098
1992,POR,0.3245609756097561,51,82,0.6219512195121951
1992,SAC,0.32626829268292684,25,82,0.3048780487804878
1992,SAN,0.34458536585365857,49,82,0.5975609756097561
1992,SEA,0.34841463414634144,55,82,0.6707317073170732
1992,UTH,0.31023170731707317,47,82,0.573170731707317
1992,WAS,0.29771951219512194,22,82,0.2682926829268293
1993,ATL,0.3248048780487805,57,82,0.6951219512195121
1993,BOS,0.27178048780487807,32,82,0.3902439024390244
1993,CHH,0.3611463414634146,41,82,0.5
1993,CHI,0.3457317073170732,55,82,0.6707317073170732
1993,CLE,0.37353658536585366,47,82,0.573170731707317
1993,DAL,0.3032073170731707,13,82,0.15853658536585366
1993,DEN,0.26140243902439025,42,82,0.5121951219512195
1993,DET,0.3373658536585366,20,82,0.24390243902439024
1993,GOS,0.33731707317073173,50,82,0.6097560975609756
1993,HOU,0.3341707317073171,58,82,0.7073170731707317
1993,IND,0.3772317073170732,47,82,0.573170731707317
1993,LAC,0.3034512195121951,27,82,0.32926829268292684
1993,LAL,0.29528048780487803,33,82,0.4024390243902439
1993,MIA,0.3292560975609756,42,82,0.5121951219512195
1993,MIL,0.3182317073170732,20,82,0.24390243902439024
1993,MIN,0.31041463414634146,20,82,0.24390243902439024
1993,NJN,0.317,45,82,0.5487804878048781
1993,NYK,0.3498048780487805,57,82,0.6951219512195121
1993,ORL,0.3396219512195122,50,82,0.6097560975609756
1993,PHL,0.34002439024390246,25,82,0.3048780487804878
1993,PHX,0.3193170731707317,56,82,0.6829268292682927
1993,POR,0.3440853658536585,47,82,0.573170731707317
1993,SAC,0.349780487804878,28,82,0.34146341463414637
1993,SAN,0.3609756097560976,55,82,0.6707317073170732
1993,SEA,0.32978048780487806,63,82,0.7682926829268293
1993,UTH,0.3065731707317073,53,82,0.6463414634146342
1993,WAS,0.2968170731707317,24,82,0.2926829268292683
1994,ATL,0.3408780487804878,42,82,0.5121951219512195
1994,BOS,0.35232926829268296,35,82,0.4268292682926829
1994,CHH,0.40084146341463417,50,82,0.6097560975609756
1994,CHI,0.37247560975609756,47,82,0.573170731707317
1994,CLE,0.3856219512195122,43,82,0.524390243902439
1994,DAL,0.3146829268292683,36,82,0.43902439024390244
1994,DEN,0.3634390243902439,41,82,0.5
1994,DET,0.3477439024390244,28,82,0.34146341463414637
1994,GOS,0.33262195121951216,26,82,0.3170731707317073
1994,HOU,0.36643902439024395,47,82,0.573170731707317
1994,IND,0.3836951219512195,52,82,0.6341463414634146
1994,LAC,0.3181341463414634,17,82,0.2073170731707317
1994,LAL,0.34976829268292686,48,82,0.5853658536585366
1994,MIA,0.37541463414634146,32,82,0.3902439024390244
1994,MIL,0.36621951219512194,34,82,0.4146341463414634
1994,MIN,0.3140609756097561,21,82,0.25609756097560976
1994,NJN,0.31908536585365854,30,82,0.36585365853658536
1994,NYK,0.3663170731707317,55,82,0.6707317073170732
1994,ORL,0.37352439024390244,57,82,0.6951219512195121
1994,PHL,0.37135365853658536,24,82,0.2926829268292683
1994,PHX,0.3649268292682927,59,82,0.7195121951219512
1994,POR,0.3679268292682927,44,82,0.5365853658536586
1994,SAC,0.3499390243902439,39,82,0.47560975609756095
1994,SAN,0.36909756097560975,62,82,0.7560975609756098
1994,SEA,0.3734390243902439,57,82,0.6951219512195121
1994,UTH,0.37323170731707317,60,82,0.7317073170731707
1994,WAS,0.3393292682926829,21,82,0.25609756097560976
1995,ATL,0.35492682926829267,46,82,0.5609756097560976
1995,BOS,0.3634390243902439,33,82,0.4024390243902439
1995,CHH,0.3814390243902439,41,82,0.5
1995,CHI,0.39936585365853655,72,82,0.8780487804878049
1995,CLE,0.3706829268292683,47,82,0.573170731707317
1995,DAL,0.3646219512195122,26,82,0.3170731707317073
1995,DEN,0.34013414634146344,35,82,0.4268292682926829
1995,DET,0.39470731707317075,46,82,0.5609756097560976
1995,GOS,0.37491463414634146,36,82,0.43902439024390244
1995,HOU,0.3647073170731707,48,82,0.5853658536585366
1995,IND,0.36958536585365853,52,82,0.6341463414634146
1995,LAC,0.37085365853658536,29,82,0.35365853658536583
1995,LAL,0.3499024390243902,53,82,0.6463414634146342
1995,MIA,0.3762439024390244,42,82,0.5121951219512195
1995,MIL,0.33363414634146343,25,82,0.3048780487804878
1995,MIN,0.33132926829268294,26,82,0.3170731707317073
1995,NJN,0.3350975609756098,30,82,0.36585365853658536
1995,NYK,0.3744512195121951,47,82,0.573170731707317
1995,ORL,0.3786341463414634,60,82,0.7317073170731707
1995,PHL,0.3306829268292683,18,82,0.21951219512195122
1995,PHX,0.32664634146341465,41,82,0.5
1995,POR,0.35321951219512193,44,82,0.5365853658536586
1995,SAC,0.388,39,82,0.47560975609756095
1995,SAN,0.392609756097561,59,82,0.7195121951219512
1995,SEA,0.3645609756097561,64,82,0.7804878048780488
1995,TOR,0.34947560975609754,21,82,0.25609756097560976
1995,UTH,0.3719512195121951,55,82,0.6707317073170732
1995,VAN,0.3263170731707317,15,82,0.18292682926829268
1995,WAS,0.4096951219512195,39,82,0.47560975609756095
1996,ATL,0.3564634146341463,56,82,0.6829268292682927
1996,BOS,0.3436707317073171,15,82,0.18292682926829268
1996,CHH,0.42546341463414633,54,82,0.6585365853658537
1996,CHI,0.3720609756097561,69,82,0.8414634146341463
1996,CLE,0.3689512195121951,42,82,0.5121951219512195
1996,DAL,0.31771951219512196,24,82,0.2926829268292683
1996,DEN,0.3649512195121951,21,82,0.25609756097560976
1996,DET,0.3858536585365854,54,82,0.6585365853658537
1996,GSW,0.34635365853658534,30,82,0.36585365853658536
1996,HOU,0.3672560975609756,57,82,0.6951219512195121
1996,IND,0.381609756097561,39,82,0.47560975609756095
1996,LAC,0.35486585365853657,36,82,0.43902439024390244
1996,LAL,0.37296341463414634,56,82,0.6829268292682927
1996,MIA,0.36779268292682926,61,82,0.7439024390243902
1996,MIL,0.3636707317073171,33,82,0.4024390243902439
1996,MIN,0.3326829268292683,40,82,0.4878048780487805
1996,NJN,0.35092682926829266,26,82,0.3170731707317073
1996,NYK,0.3688780487804878,57,82,0.6951219512195121
1996,ORL,0.3397195121951219,45,82,0.5487804878048781
1996,PHI,0.31084146341463414,22,82,0.2682926829268293
1996,PHX,0.36558536585365853,40,82,0.4878048780487805
1996,POR,0.35641463414634145,49,82,0.5975609756097561
1996,SAC,0.3960853658536585,34,82,0.4146341463414634
1996,SAS,0.3127560975609756,20,82,0.24390243902439024
1996,SEA,0.3520853658536585,57,82,0.6951219512195121
1996,TOR,0.36504878048780487,30,82,0.36585365853658536
1996,UTA,0.36940243902439024,64,82,0.7804878048780488
1996,VAN,0.34302439024390247,14,82,0.17073170731707318
1996,WAS,0.33114634146341465,44,82,0.5365853658536586
1997,ATL,0.31490243902439025,50,82,0.6097560975609756
1997,BOS,0.3284268292682927,36,82,0.43902439024390244
1997,CHH,0.3701829268292683,51,82,0.6219512195121951
1997,CHI,0.3125,62,82,0.7560975609756098
1997,CLE,0.37420731707317073,47,82,0.573170731707317
1997,DAL,0.3578292682926829,20,82,0.24390243902439024
1997,DEN,0.31278048780487805,11,82,0.13414634146341464
1997,DET,0.3071951219512195,37,82,0.45121951219512196
1997,GSW,0.2705121951219512,19,82,0.23170731707317074
1997,HOU,0.34239024390243905,41,82,0.5
1997,IND,0.38964634146341465,58,82,0.7073170731707317
1997,LAC,0.3631829268292683,17,82,0.2073170731707317
1997,LAL,0.35735365853658535,61,82,0.7439024390243902
1997,MIA,0.35560975609756096,55,82,0.6707317073170732
1997,MIL,0.35289024390243906,36,82,0.43902439024390244
1997,MIN,0.3326951219512195,45,82,0.5487804878048781
1997,NJN,0.3182439024390244,43,82,0.524390243902439
1997,NYK,0.3405731707317073,43,82,0.524390243902439
1997,ORL,0.3149268292682927,41,82,0.5
1997,PHI,0.2910243902439025,31,82,0.3780487804878049
1997,PHX,0.36040243902439023,56,82,0.6829268292682927
1997,POR,0.31670731707317074,46,82,0.5609756097560976
1997,SAC,0.3351585365853659,27,82,0.32926829268292684
1997,SAS,0.3407073170731707,56,82,0.6829268292682927
1997,SEA,0.3983780487804878,61,82,0.7439024390243902
1997,TOR,0.3398292682926829,16,82,0.1951219512195122
1997,UTA,0.36459756097560975,62,82,0.7560975609756098
1997,VAN,0.35076829268292686,19,82,0.23170731707317074
1997,WAS,0.34402439024390247,42,82,0.5121951219512195
1998,ATL,0.29522,31,50,0.62
1998,BOS,0.3465,19,50,0.38
1998,CHH,0.35652,26,50,0.52
1998,CHI,0.29109999999999997,13,50,0.26
1998,CLE,0.33354,22,50,0.44
1998,DAL,0.34090000000000004,19,50,0.38
1998,DEN,0.31426,14,50,0.28
1998,DET,0.35666,29,50,0.58
1998,GSW,0.28284,21,50,0.42
1998,HOU,0.36652,31,50,0.62
1998,IND,0.36456000000000005,33,50,0.66
1998,LAC,0.31866,9,50,0.18
1998,LAL,0.33793999999999996,31,50,0.62
1998,MIA,0.36308,33,50,0.66
1998,MIL,0.37572000000000005,28,50,0.56
1998,MIN,0.29292,25,50,0.5
1998,NJN,0.31934,16,50,0.32
1998,NYK,0.3478,27,50,0.54
1998,ORL,0.3336,33,50,0.66
1998,PHI,0.27405999999999997,28,50,0.56
1998,PHX,0.37944,27,50,0.54
1998,POR,0.36707999999999996,35,50,0.7
1998,SAC,0.30774,27,50,0.54
1998,SAS,0.32766,37,50,0.74
1998,SEA,0.34619999999999995,25,50,0.5
1998,TOR,0.32411999999999996,23,50,0.46
1998,UTA,0.36006,37,50,0.74
1998,VAN,0.31658000000000003,8,50,0.16
1998,WAS,0.30398,18,50,0.36
1999,ATL,0.32508536585365855,28,82,0.34146341463414637
1999,BOS,0.32812195121951215,35,82,0.4268292682926829
1999,CHH,0.3367682926829268,49,82,0.5975609756097561
1999,CHI,0.3235487804878049,17,82,0.2073170731707317
1999,CLE,0.3701219512195122,32,82,0.3902439024390244
1999,DAL,0.39034146341463416,40,82,0.4878048780487805
1999,DEN,0.33164634146341465,35,82,0.4268292682926829
1999,DET,0.36003658536585365,42,82,0.5121951219512195
1999,GSW,0.3134268292682927,19,82,0.23170731707317074
1999,HOU,0.3527804878048781,34,82,0.4146341463414634
1999,IND,0.39239024390243904,56,82,0.6829268292682927
1999,LAC,0.3406829268292683,15,82,0.18292682926829268
1999,LAL,0.3227926829268293,67,82,0.8170731707317073
1999,MIA,0.371609756097561,52,82,0.6341463414634146
1999,MIL,0.36,42,82,0.5121951219512195
1999,MIN,0.3502560975609756,50,82,0.6097560975609756
1999,NJN,0.34196341463414637,31,82,0.3780487804878049
1999,NYK,0.36778048780487804,50,82,0.6097560975609756
1999,ORL,0.34282926829268295,41,82,0.5
1999,PHI,0.30696341463414634,49,82,0.5975609756097561
1999,PHX,0.3680609756097561,53,82,0.6463414634146342
1999,POR,0.359390243902439,59,82,0.7195121951219512
1999,SAC,0.31864634146341464,44,82,0.5365853658536586
1999,SAS,0.3846341463414634,53,82,0.6463414634146342
1999,SEA,0.3359756097560976,45,82,0.5487804878048781
1999,TOR,0.35641463414634145,45,82,0.5487804878048781
1999,UTA,0.3882317073170732,55,82,0.6707317073170732
1999,VAN,0.34614634146341466,22,82,0.2682926829268293
1999,WAS,0.3705731707317073,29,82,0.35365853658536583
2000,ATL,0.35931707317073175,25,82,0.3048780487804878
2000,BOS,0.35680487804878047,36,82,0.43902439024390244
2000,CHH,0.34024390243902436,46,82,0.5609756097560976
2000,CHI,0.347719512195122,15,82,0.18292682926829268
2000,CLE,0.3176341463414634,30,82,0.36585365853658536
2000,DAL,0.3801707317073171,53,82,0.6463414634146342
2000,DEN,0.3468170731707317,40,82,0.4878048780487805
2000,DET,0.355,32,82,0.3902439024390244
2000,GSW,0.27814634146341466,17,82,0.2073170731707317
2000,HOU,0.35173170731707315,45,82,0.5487804878048781
2000,IND,0.3405975609756097,41,82,0.5
2000,LAC,0.33495121951219514,31,82,0.3780487804878049
2000,LAL,0.34789024390243906,56,82,0.6829268292682927
2000,MIA,0.3446219512195122,50,82,0.6097560975609756
2000,MIL,0.3827317073170732,52,82,0.6341463414634146
2000,MIN,0.3555731707317073,47,82,0.573170731707317
2000,NJN,0.3250487804878049,26,82,0.3170731707317073
2000,NYK,0.3535243902439025,48,82,0.5853658536585366
2000,ORL,0.3649512195121951,43,82,0.524390243902439
2000,PHI,0.31871951219512196,56,82,0.6829268292682927
2000,PHX,0.30967073170731707,51,82,0.6219512195121951
2000,POR,0.3469756097560976,50,82,0.6097560975609756
2000,SAC,0.34696341463414637,55,82,0.6707317073170732
2000,SAS,0.40679268292682924,58,82,0.7073170731707317
2000,SEA,0.4064878048780488,44,82,0.5365853658536586
2000,TOR,0.36191463414634145,47,82,0.573170731707317
2000,UTA,0.37003658536585365,53,82,0.6463414634146342
2000,VAN,0.33995121951219515,23,82,0.2804878048780488
2000,WAS,0.31770731707317074,19,82,0.23170731707317074
2001,ATL,0.35239024390243906,33,82,0.4024390243902439
2001,BOS,0.3584390243902439,49,82,0.5975609756097561
2001,CHH,0.3578536585365854,44,82,0.5365853658536586
2001,CHI,0.3317560975609756,21,82,0.25609756097560976
2001,CLE,0.3738292682926829,29,82,0.35365853658536583
2001,DAL,0.3801707317073171,57,82,0.6951219512195121
2001,DEN,0.324109756097561,27,82,0.32926829268292684
2001,DET,0.3743658536585366,50,82,0.6097560975609756
2001,GSW,0.3221219512195122,21,82,0.25609756097560976
2001,HOU,0.3318170731707317,28,82,0.34146341463414637
2001,IND,0.34254878048780485,42,82,0.5121951219512195
2001,LAC,0.3494634146341463,39,82,0.47560975609756095
2001,LAL,0.3521951219512195,58,82,0.7073170731707317
2001,MEM,0.2965975609756098,23,82,0.2804878048780488
2001,MIA,0.35890243902439023,36,82,0.43902439024390244
2001,MIL,0.37576829268292683,41,82,0.5
2001,MIN,0.3878658536585366,50,82,0.6097560975609756
2001,NJN,0.33008536585365855,52,82,0.6341463414634146
2001,NYK,0.3505609756097561,30,82,0.36585365853658536
2001,ORL,0.377109756097561,44,82,0.5365853658536586
2001,PHI,0.2994024390243903,43,82,0.524390243902439
2001,PHX,0.32346341463414635,36,82,0.43902439024390244
2001,POR,0.3522926829268293,49,82,0.5975609756097561
2001,SAC,0.37035365853658536,61,82,0.7439024390243902
2001,SAS,0.3600121951219512,58,82,0.7073170731707317
2001,SEA,0.3840609756097561,45,82,0.5487804878048781
2001,TOR,0.35465853658536584,42,82,0.5121951219512195
2001,UTA,0.34143902439024393,44,82,0.5365853658536586
2001,WAS,0.3818048780487805,37,82,0.45121951219512196
2002,ATL,0.35497560975609754,35,82,0.4268292682926829
2002,BOS,0.330109756097561,44,82,0.5365853658536586
2002,CHI,0.3424512195121951,30,82,0.36585365853658536
2002,CLE,0.30365853658536585,17,82,0.2073170731707317
2002,DAL,0.37758536585365854,60,82,0.7317073170731707
2002,DEN,0.2654390243902439,17,82,0.2073170731707317
2002,DET,0.3585609756097561,50,82,0.6097560975609756
2002,GSW,0.3412926829268293,38,82,0.4634146341463415
2002,HOU,0.3346707317073171,43,82,0.524390243902439
2002,IND,0.3333536585365854,48,82,0.5853658536585366
2002,LAC,0.33057317073170733,27,82,0.32926829268292684
2002,LAL,0.35804878048780486,50,82,0.6097560975609756
2002,MEM,0.3637560975609756,28,82,0.34146341463414637
2002,MIA,0.3151951219512195,25,82,0.3048780487804878
2002,MIL,0.381109756097561,42,82,0.5121951219512195
2002,MIN,0.3620609756097561,51,82,0.6219512195121951
2002,NJN,0.33164634146341465,49,82,0.5975609756097561
2002,NOH,0.38376829268292684,47,82,0.573170731707317
2002,NYK,0.3836219512195122,37,82,0.45121951219512196
2002,ORL,0.3594390243902439,42,82,0.5121951219512195
2002,PHI,0.31508536585365854,48,82,0.5853658536585366
2002,PHX,0.33797560975609753,44,82,0.5365853658536586
2002,POR,0.33101219512195124,50,82,0.6097560975609756
2002,SAC,0.3794878048780488,59,82,0.7195121951219512
2002,SAS,0.3500731707317073,60,82,0.7317073170731707
2002,SEA,0.34997560975609754,40,82,0.4878048780487805
2002,TOR,0.3398048780487805,24,82,0.2926829268292683
2002,UTA,0.3474634146341464,47,82,0.573170731707317
2002,WAS,0.30059756097560975,37,82,0.45121951219512196
2003,ATL,0.3200121951219512,28,82,0.34146341463414637
2003,BOS,0.34201219512195125,36,82,0.43902439024390244
2003,CHI,0.3466219512195122,23,82,0.2804878048780488
2003,CLE,0.3176219512195122,35,82,0.4268292682926829
2003,DAL,0.3471829268292683,52,82,0.6341463414634146
2003,DEN,0.3346463414634146,43,82,0.524390243902439
2003,DET,0.34051219512195124,54,82,0.6585365853658537
2003,GSW,0.3293780487804878,37,82,0.45121951219512196
2003,HOU,0.3653048780487805,45,82,0.5487804878048781
2003,IND,0.347109756097561,61,82,0.7439024390243902
2003,LAC,0.31714634146341464,28,82,0.34146341463414637
2003,LAL,0.3212439024390244,56,82,0.6829268292682927
2003,MEM,0.3431585365853658,50,82,0.6097560975609756
2003,MIA,0.3583170731707317,42,82,0.5121951219512195
2003,MIL,0.35009756097560973,41,82,0.5
2003,MIN,0.3616829268292683,58,82,0.7073170731707317
2003,NJN,0.33345121951219514,47,82,0.573170731707317
2003,NOH,0.3202926829268293,41,82,0.5
2003,NYK,0.35835365853658535,39,82,0.47560975609756095
2003,ORL,0.341780487804878,21,82,0.25609756097560976
2003,PHI,0.33517073170731704,33,82,0.4024390243902439
2003,PHX,0.3400487804878049,29,82,0.35365853658536583
2003,POR,0.3437560975609756,41,82,0.5
2003,SAC,0.4016219512195122,55,82,0.6707317073170732
2003,SAS,0.35829268292682925,57,82,0.6951219512195121
2003,SEA,0.37390243902439024,37,82,0.45121951219512196
2003,TOR,0.34845121951219515,33,82,0.4024390243902439
2003,UTA,0.3188780487804878,42,82,0.5121951219512195
2003,WAS,0.3310975609756097,25,82,0.3048780487804878
2004,ATL,0.30808536585365853,13,82,0.15853658536585366
2004,BOS,0.3473658536585366,45,82,0.5487804878048781
2004,CHA,0.36658536585365853,18,82,0.21951219512195122
2004,CHI,0.3542682926829268,47,82,0.573170731707317
2004,CLE,0.32426829268292684,42,82,0.5121951219512195
2004,DAL,0.3575243902439024,58,82,0.7073170731707317
2004,DEN,0.33690243902439027,49,82,0.5975609756097561
2004,DET,0.34617073170731705,54,82,0.6585365853658537
2004,GSW,0.342109756097561,34,82,0.4146341463414634
2004,HOU,0.36546341463414633,51,82,0.6219512195121951
2004,IND,0.3481829268292683,44,82,0.5365853658536586
2004,LAC,0.34140243902439027,37,82,0.45121951219512196
2004,LAL,0.3561341463414634,34,82,0.4146341463414634
2004,MEM,0.3551829268292683,45,82,0.5487804878048781
2004,MIA,0.37628048780487805,59,82,0.7195121951219512
2004,MIL,0.34847560975609754,30,82,0.36585365853658536
2004,MIN,0.34895121951219515,44,82,0.5365853658536586
2004,NJN,0.35986585365853657,42,82,0.5121951219512195
2004,NOH,0.3024268292682927,18,82,0.21951219512195122
2004,NYK,0.3618170731707317,33,82,0.4024390243902439
2004,ORL,0.34051219512195124,36,82,0.43902439024390244
2004,PHI,0.35132926829268296,43,82,0.524390243902439
2004,PHX,0.3910731707317073,62,82,0.7560975609756098
2004,POR,0.35410975609756096,27,82,0.32926829268292684
2004,SAC,0.37158536585365853,50,82,0.6097560975609756
2004,SAS,0.36323170731707316,59,82,0.7195121951219512
2004,SEA,0.3661951219512195,52,82,0.6341463414634146
2004,TOR,0.3851829268292683,33,82,0.4024390243902439
2004,UTA,0.3339878048780488,26,82,0.3170731707317073
2004,WAS,0.3445487804878049,45,82,0.5487804878048781
2005,ATL,0.3549878048780488,26,82,0.3170731707317073
2005,BOS,0.36148780487804877,33,82,0.4024390243902439
2005,CHA,0.3329878048780488,26,82,0.3170731707317073
2005,CHI,0.3761341463414634,41,82,0.5
2005,CLE,0.33870731707317075,50,82,0.6097560975609756
2005,DAL,0.3754390243902439,60,82,0.7317073170731707
2005,DEN,0.32358536585365855,44,82,0.5365853658536586
2005,DET,0.38834146341463416,64,82,0.7804878048780488
2005,GSW,0.34099999999999997,34,82,0.4146341463414634
2005,HOU,0.32836585365853654,34,82,0.4146341463414634
2005,IND,0.34582926829268296,41,82,0.5
2005,LAC,0.34002439024390246,47,82,0.573170731707317
2005,LAL,0.3492560975609756,45,82,0.5487804878048781
2005,MEM,0.381,49,82,0.5975609756097561
2005,MIA,0.33558536585365856,52,82,0.6341463414634146
2005,MIL,0.38176829268292684,40,82,0.4878048780487805
2005,MIN,0.3261707317073171,33,82,0.4024390243902439
2005,NJN,0.32432926829268294,49,82,0.5975609756097561
2005,NOK,0.344,38,82,0.4634146341463415
2005,NYK,0.3640731707317073,23,82,0.2804878048780488
2005,ORL,0.37541463414634146,36,82,0.43902439024390244
2005,PHI,0.36028048780487804,38,82,0.4634146341463415
2005,PHX,0.397280487804878,54,82,0.6585365853658537
2005,POR,0.3377682926829268,21,82,0.25609756097560976
2005,SAC,0.3492804878048781,44,82,0.5365853658536586
2005,SAS,0.3776951219512195,63,82,0.7682926829268293
2005,SEA,0.3712682926829268,35,82,0.4268292682926829
2005,TOR,0.37052439024390244,27,82,0.32926829268292684
2005,UTA,0.33024390243902435,41,82,0.5
2005,WAS,0.3596341463414634,42,82,0.5121951219512195
2006,ATL,0.3233536585365854,30,82,0.36585365853658536
2006,BOS,0.36590243902439024,24,82,0.2926829268292683
2006,CHA,0.3600243902439025,33,82,0.4024390243902439
2006,CHI,0.38934146341463416,49,82,0.5975609756097561
2006,CLE,0.34606097560975607,50,82,0.6097560975609756
2006,DAL,0.38182926829268293,67,82,0.8170731707317073
2006,DEN,0.33280487804878045,45,82,0.5487804878048781
2006,DET,0.3435853658536585,53,82,0.6463414634146342
2006,GSW,0.35182926829268296,42,82,0.5121951219512195
2006,HOU,0.37017073170731707,52,82,0.6341463414634146
2006,IND,0.3373414634146341,35,82,0.4268292682926829
2006,LAC,0.3514634146341463,40,82,0.4878048780487805
2006,LAL,0.3478780487804878,42,82,0.5121951219512195
2006,MEM,0.3544878048780488,22,82,0.2682926829268293
2006,MIA,0.3430853658536585,44,82,0.5365853658536586
2006,MIL,0.3502560975609756,28,82,0.34146341463414637
2006,MIN,0.35469512195121955,32,82,0.3902439024390244
2006,NJN,0.35232926829268296,41,82,0.5
2006,NOK,0.3644268292682927,39,82,0.47560975609756095
2006,NYK,0.33949999999999997,33,82,0.4024390243902439
2006,ORL,0.3458414634146342,40,82,0.4878048780487805
2006,PHI,0.3374268292682927,35,82,0.4268292682926829
2006,PHX,0.40082926829268295,61,82,0.7439024390243902
2006,POR,0.3412073170731707,32,82,0.3902439024390244
2006,SAC,0.347109756097561,33,82,0.4024390243902439
2006,SAS,0.37632926829268293,58,82,0.7073170731707317
2006,SEA,0.35551219512195126,31,82,0.3780487804878049
2006,TOR,0.3565609756097561,47,82,0.573170731707317
2006,UTA,0.3329390243902439,51,82,0.6219512195121951
2006,WAS,0.34568292682926827,41,82,0.5
2007,ATL,0.34345121951219515,37,82,0.45121951219512196
2007,BOS,0.37676829268292683,66,82,0.8048780487804879
2007,CHA,0.36252439024390243,32,82,0.3902439024390244
2007,CHI,0.366,33,82,0.4024390243902439
2007,CLE,0.3468658536585366,45,82,0.5487804878048781
2007,DAL,0.3558780487804878,51,82,0.6219512195121951
2007,DEN,0.35143902439024394,50,82,0.6097560975609756
2007,DET,0.3664024390243903,59,82,0.7195121951219512
2007,GSW,0.3505243902439024,48,82,0.5853658536585366
2007,HOU,0.338609756097561,55,82,0.6707317073170732
2007,IND,0.3767439024390244,36,82,0.43902439024390244
2007,LAC,0.31782926829268293,23,82,0.2804878048780488
2007,LAL,0.3805731707317073,57,82,0.6951219512195121
2007,MEM,0.340280487804878,22,82,0.2682926829268293
2007,MIA,0.3495853658536585,15,82,0.18292682926829268
2007,MIL,0.3455487804878049,26,82,0.3170731707317073
2007,MIN,0.3454756097560976,22,82,0.2682926829268293
2007,NJN,0.34182926829268295,34,82,0.4146341463414634
2007,NOH,0.3823780487804878,56,82,0.6829268292682927
2007,NYK,0.33689024390243905,23,82,0.2804878048780488
2007,ORL,0.38937804878048776,52,82,0.6341463414634146
2007,PHI,0.3226341463414634,40,82,0.4878048780487805
2007,PHX,0.38732926829268294,55,82,0.6707317073170732
2007,POR,0.37541463414634146,41,82,0.5
2007,SAC,0.37396341463414634,38,82,0.4634146341463415
2007,SAS,0.36891463414634146,56,82,0.6829268292682927
2007,SEA,0.325390243902439,20,82,0.24390243902439024
2007,TOR,0.3894878048780488,41,82,0.5
2007,UTA,0.36629268292682926,54,82,0.6585365853658537
2007,WAS,0.35082926829268296,43,82,0.524390243902439
2008,ATL,0.3658170731707317,47,82,0.573170731707317
2008,BOS,0.39004878048780484,62,82,0.7560975609756098
2008,CHA,0.3628780487804878,35,82,0.4268292682926829
2008,CHI,0.3754390243902439,41,82,0.5
2008,CLE,0.3942682926829268,66,82,0.8048780487804879
2008,DAL,0.35429268292682925,50,82,0.6097560975609756
2008,DEN,0.3675121951219512,54,82,0.6585365853658537
2008,DET,0.3418414634146341,39,82,0.47560975609756095
2008,GSW,0.36802439024390243,29,82,0.35365853658536583
2008,HOU,0.37391463414634146,53,82,0.6463414634146342
2008,IND,0.38128048780487805,36,82,0.43902439024390244
2008,LAC,0.34860975609756095,19,82,0.23170731707317074
2008,LAL,0.3653414634146342,65,82,0.7926829268292683
2008,MEM,0.35487804878048784,24,82,0.2926829268292683
2008,MIA,0.3581219512195122,43,82,0.524390243902439
2008,MIL,0.3537560975609756,34,82,0.4146341463414634
2008,MIN,0.34712195121951217,24,82,0.2926829268292683
2008,NJN,0.374390243902439,34,82,0.4146341463414634
2008,NOH,0.3555609756097561,49,82,0.5975609756097561
2008,NYK,0.35996341463414633,32,82,0.3902439024390244
2008,OKC,0.341109756097561,23,82,0.2804878048780488
2008,ORL,0.3767317073170732,59,82,0.7195121951219512
2008,PHI,0.3134512195121951,41,82,0.5
2008,PHX,0.38495121951219513,46,82,0.5609756097560976
2008,POR,0.3835,54,82,0.6585365853658537
2008,SAC,0.36341463414634145,17,82,0.2073170731707317
2008,SAS,0.3899756097560976,54,82,0.6585365853658537
2008,TOR,0.3747439024390244,33,82,0.4024390243902439
2008,UTA,0.3440121951219512,48,82,0.5853658536585366
2008,WAS,0.3230121951219512,19,82,0.23170731707317074
2009,ATL,0.35923170731707316,53,82,0.6463414634146342
2009,BOS,0.341609756097561,50,82,0.6097560975609756
2009,CHA,0.34345121951219515,44,82,0.5365853658536586
2009,CHI,0.33608536585365856,41,82,0.5
2009,CLE,0.3828658536585366,61,82,0.7439024390243902
2009,DAL,0.37085365853658536,55,82,0.6707317073170732
2009,DEN,0.3563658536585366,53,82,0.6463414634146342
2009,DET,0.3057073170731707,27,82,0.32926829268292684
2009,GSW,0.3715,26,82,0.3170731707317073
2009,HOU,0.35178048780487803,42,82,0.5121951219512195
2009,IND,0.34689024390243905,32,82,0.3902439024390244
2009,LAC,0.32932926829268294,29,82,0.35365853658536583
2009,LAL,0.3381829268292683,57,82,0.6951219512195121
2009,MEM,0.3322317073170732,40,82,0.4878048780487805
2009,MIA,0.3420365853658537,47,82,0.573170731707317
2009,MIL,0.3572560975609756,46,82,0.5609756097560976
2009,MIN,0.33845121951219515,15,82,0.18292682926829268
2009,NJN,0.31776829268292683,12,82,0.14634146341463414
2009,NOH,0.3615243902439024,37,82,0.45121951219512196
2009,NYK,0.3458658536585366,29,82,0.35365853658536583
2009,OKC,0.33896341463414636,50,82,0.6097560975609756
2009,ORL,0.37715853658536586,59,82,0.7195121951219512
2009,PHI,0.34130487804878046,27,82,0.32926829268292684
2009,PHX,0.40947560975609754,54,82,0.6585365853658537
2009,POR,0.35042682926829266,50,82,0.6097560975609756
2009,SAC,0.351609756097561,25,82,0.3048780487804878
2009,SAS,0.3653170731707317,50,82,0.6097560975609756
2009,TOR,0.37215853658536585,40,82,0.4878048780487805
2009,UTA,0.3504878048780488,53,82,0.6463414634146342
2009,WAS,0.3487804878048781,26,82,0.3170731707317073
2010,ATL,0.3594878048780488,44,82,0.5365853658536586
2010,BOS,0.3614512195121951,56,82,0.6829268292682927
2010,CHA,0.31958536585365854,34,82,0.4146341463414634
2010,CHI,0.3603292682926829,62,82,0.7560975609756098
2010,CLE,0.3413414634146341,19,82,0.23170731707317074
2010,DAL,0.3644268292682927,57,82,0.6951219512195121
2010,DEN,0.3798170731707317,50,82,0.6097560975609756
2010,DET,0.3700731707317073,30,82,0.36585365853658536
2010,GSW,0.3842926829268293,36,82,0.43902439024390244
2010,HOU,0.3663170731707317,43,82,0.524390243902439
2010,IND,0.34985365853658534,37,82,0.45121951219512196
2010,LAC,0.3374268292682927,32,82,0.3902439024390244
2010,LAL,0.3515609756097561,57,82,0.6951219512195121
2010,MEM,0.3286829268292683,46,82,0.5609756097560976
2010,MIA,0.36735365853658536,58,82,0.7073170731707317
2010,MIL,0.341780487804878,35,82,0.4268292682926829
2010,MIN,0.37491463414634146,17,82,0.2073170731707317
2010,NJN,0.3447195121951219,24,82,0.2926829268292683
2010,NOH,0.36246341463414633,46,82,0.5609756097560976
2010,NYK,0.36552439024390243,42,82,0.5121951219512195
2010,OKC,0.34929268292682925,55,82,0.6707317073170732
2010,ORL,0.3613048780487805,52,82,0.6341463414634146
2010,PHI,0.35193902439024394,41,82,0.5
2010,PHX,0.3692682926829268,40,82,0.4878048780487805
2010,POR,0.345719512195122,48,82,0.5853658536585366
2010,SAC,0.3352317073170732,24,82,0.2926829268292683
2010,SAS,0.39558536585365855,61,82,0.7439024390243902
2010,TOR,0.30841463414634146,22,82,0.2682926829268293
2010,UTA,0.33420731707317075,39,82,0.47560975609756095
2010,WAS,0.3264146341463415,23,82,0.2804878048780488
2011,ATL,0.3717272727272727,40,66,0.6060606060606061
2011,BOS,0.361060606060606,39,66,0.5909090909090909
2011,CHA,0.28774242424242424,7,66,0.10606060606060606
2011,CHI,0.3758484848484849,50,66,0.7575757575757576
2011,CLE,0.343969696969697,21,66,0.3181818181818182
2011,DAL,0.34059090909090906,36,66,0.5454545454545454
2011,DEN,0.3348181818181818,38,66,0.5757575757575758
2011,DET,0.3346969696969697,25,66,0.3787878787878788
2011,GSW,0.3798484848484849,23,66,0.3484848484848485
2011,HOU,0.361,34,66,0.5151515151515151
2011,IND,0.3670151515151515,42,66,0.6363636363636364
2011,LAC,0.3519242424242424,40,66,0.6060606060606061
2011,LAL,0.32251515151515153,41,66,0.6212121212121212
2011,MEM,0.32303030303030306,41,66,0.6212121212121212
2011,MIA,0.35248484848484846,46,66,0.696969696969697
2011,MIL,0.33915151515151515,31,66,0.4696969696969697
2011,MIN,0.32899999999999996,26,66,0.3939393939393939
2011,NJN,0.3351363636363636,22,66,0.3333333333333333
2011,NOH,0.3362727272727273,21,66,0.3181818181818182
2011,NYK,0.3285151515151515,36,66,0.5454545454545454
2011,OKC,0.3625151515151515,47,66,0.7121212121212122
2011,ORL,0.37366666666666665,37,66,0.5606060606060606
2011,PHI,0.3530606060606061,35,66,0.5303030303030303
2011,PHX,0.34295454545454546,33,66,0.5
2011,POR,0.3428333333333333,28,66,0.42424242424242425
2011,SAC,0.31166666666666665,22,66,0.3333333333333333
2011,SAS,0.3962878787878788,50,66,0.7575757575757576
2011,TOR,0.33206060606060606,23,66,0.3484848484848485
2011,UTA,0.31792424242424244,36,66,0.5454545454545454
2011,WAS,0.3109393939393939,20,66,0.30303030303030304
2013,ATL,0.35979268292682925,38,82,0.4634146341463415
2013,BKN,0.3616341463414634,44,82,0.5365853658536586
2013,BOS,0.3271707317073171,25,82,0.3048780487804878
2013,CHA,0.3495853658536585,43,82,0.524390243902439
2013,CHI,0.34659756097560973,48,82,0.5853658536585366
2013,CLE,0.35476829268292687,33,82,0.4024390243902439
2013,DAL,0.3818048780487805,49,82,0.5975609756097561
2013,DEN,0.3571951219512195,36,82,0.43902439024390244
2013,DET,0.31246341463414634,29,82,0.35365853658536583
2013,GSW,0.3790487804878049,51,82,0.6219512195121951
2013,HOU,0.35659756097560974,54,82,0.6585365853658537
2013,IND,0.3563170731707317,56,82,0.6829268292682927
2013,LAC,0.35125609756097564,57,82,0.6951219512195121
2013,LAL,0.3770731707317073,27,82,0.32926829268292684
2013,MEM,0.35191463414634144,50,82,0.6097560975609756
2013,MIA,0.36415853658536584,54,82,0.6585365853658537
2013,MIL,0.3565243902439024,15,82,0.18292682926829268
2013,MIN,0.338219512195122,40,82,0.4878048780487805
2013,NOP,0.3725,34,82,0.4146341463414634
2013,NYK,0.3689390243902439,37,82,0.45121951219512196
2013,OKC,0.3644390243902439,59,82,0.7195121951219512
2013,ORL,0.35365853658536583,23,82,0.2804878048780488
2013,PHI,0.3126951219512195,19,82,0.23170731707317074
2013,PHX,0.37558536585365854,48,82,0.5853658536585366
2013,POR,0.37065853658536585,54,82,0.6585365853658537
2013,SAC,0.32820731707317075,28,82,0.34146341463414637
2013,SAS,0.3970975609756097,62,82,0.7560975609756098
2013,TOR,0.3703170731707317,48,82,0.5853658536585366
2013,UTA,0.3440731707317073,25,82,0.3048780487804878
2013,WAS,0.3765,44,82,0.5365853658536586
2014,ATL,0.38014634146341464,60,82,0.7317073170731707
2014,BKN,0.32719512195121947,38,82,0.4634146341463415
2014,BOS,0.3261829268292683,40,82,0.4878048780487805
2014,CHA,0.31297560975609756,33,82,0.4024390243902439
2014,CHI,0.3535853658536585,50,82,0.6097560975609756
2014,CLE,0.3637560975609756,53,82,0.6463414634146342
2014,DAL,0.34903658536585364,50,82,0.6097560975609756
2014,DEN,0.32702439024390245,30,82,0.36585365853658536
2014,DET,0.3396219512195122,32,82,0.3902439024390244
2014,GSW,0.39787804878048777,67,82,0.8170731707317073
2014,HOU,0.34847560975609754,56,82,0.6829268292682927
2014,IND,0.3521341463414634,38,82,0.4634146341463415
2014,LAC,0.37247560975609756,56,82,0.6829268292682927
2014,LAL,0.340280487804878,21,82,0.25609756097560976
2014,MEM,0.3363048780487805,55,82,0.6707317073170732
2014,MIA,0.33585365853658533,37,82,0.45121951219512196
2014,MIL,0.3638292682926829,41,82,0.5
2014,MIN,0.32521951219512196,16,82,0.1951219512195122
2014,NOP,0.3715,45,82,0.5487804878048781
2014,NYK,0.3532682926829268,17,82,0.2073170731707317
2014,OKC,0.33564634146341465,45,82,0.5487804878048781
2014,ORL,0.34786585365853656,25,82,0.3048780487804878
2014,PHI,0.3149878048780488,18,82,0.21951219512195122
2014,PHX,0.3375975609756098,39,82,0.47560975609756095
2014,POR,0.36117073170731706,51,82,0.6219512195121951
2014,SAC,0.3398048780487805,29,82,0.35365853658536583
2014,SAS,0.3618048780487805,55,82,0.6707317073170732
2014,TOR,0.35117073170731705,49,82,0.5975609756097561
2014,UTA,0.3440853658536585,38,82,0.4634146341463415
2014,WAS,0.36173170731707316,46,82,0.5609756097560976
2015,ATL,0.35164634146341467,48,82,0.5853658536585366
2015,BKN,0.3484390243902439,21,82,0.25609756097560976
2015,BOS,0.3353048780487805,48,82,0.5853658536585366
2015,CHA,0.36154878048780487,48,82,0.5853658536585366
2015,CHI,0.3688780487804878,42,82,0.5121951219512195
2015,CLE,0.3624512195121951,57,82,0.6951219512195121
2015,DAL,0.3430121951219512,42,82,0.5121951219512195
2015,DEN,0.33682926829268295,33,82,0.4024390243902439
2015,DET,0.34379268292682924,44,82,0.5365853658536586
2015,GSW,0.41423170731707315,73,82,0.8902439024390244
2015,HOU,0.34806097560975613,41,82,0.5
2015,IND,0.3488292682926829,45,82,0.5487804878048781
2015,LAC,0.36517073170731706,53,82,0.6463414634146342
2015,LAL,0.3178658536585366,17,82,0.2073170731707317
2015,MEM,0.3276829268292683,42,82,0.5121951219512195
2015,MIA,0.333109756097561,48,82,0.5853658536585366
2015,MIL,0.34486585365853656,33,82,0.4024390243902439
2015,MIN,0.33551219512195124,29,82,0.35365853658536583
2015,NOP,0.3576341463414634,30,82,0.36585365853658536
2015,NYK,0.34296341463414637,32,82,0.3902439024390244
2015,OKC,0.35,55,82,0.6707317073170732
2015,ORL,0.3497560975609756,35,82,0.4268292682926829
2015,PHI,0.33743902439024387,10,82,0.12195121951219512
2015,PHX,0.34436585365853656,23,82,0.2804878048780488
2015,POR,0.36885365853658536,44,82,0.5365853658536586
2015,SAC,0.36029268292682926,33,82,0.4024390243902439
2015,SAS,0.3796951219512195,67,82,0.8170731707317073
2015,TOR,0.3662560975609756,56,82,0.6829268292682927
2015,UTA,0.3560731707317073,40,82,0.4878048780487805
2015,WAS,0.35821951219512194,41,82,0.5
2016,ATL,0.3413414634146341,43,82,0.524390243902439
2016,BKN,0.33720731707317075,20,82,0.24390243902439024
2016,BOS,0.35874390243902443,53,82,0.6463414634146342
2016,CHA,0.34804878048780485,36,82,0.43902439024390244
2016,CHI,0.33440243902439026,41,82,0.5
2016,CLE,0.3821707317073171,51,82,0.6219512195121951
2016,DAL,0.35536585365853657,33,82,0.4024390243902439
2016,DEN,0.3681219512195122,40,82,0.4878048780487805
2016,DET,0.32687804878048776,37,82,0.45121951219512196
2016,GSW,0.38595121951219513,67,82,0.8170731707317073
2016,HOU,0.3561829268292683,55,82,0.6707317073170732
2016,IND,0.37153658536585366,42,82,0.5121951219512195
2016,LAC,0.3736829268292683,51,82,0.6219512195121951
2016,LAL,0.3425,26,82,0.3170731707317073
2016,MEM,0.3509634146341463,43,82,0.524390243902439
2016,MIA,0.36090243902439023,41,82,0.5
2016,MIL,0.3725,42,82,0.5121951219512195
2016,MIN,0.34623170731707315,31,82,0.3780487804878049
2016,NOP,0.34665853658536583,34,82,0.4146341463414634
2016,NYK,0.34887804878048784,31,82,0.3780487804878049
2016,OKC,0.32653658536585367,47,82,0.573170731707317
2016,ORL,0.32870731707317075,29,82,0.35365853658536583
2016,PHI,0.34002439024390246,28,82,0.34146341463414637
2016,PHX,0.33313414634146343,24,82,0.2926829268292683
2016,POR,0.37509756097560976,41,82,0.5
2016,SAC,0.3804268292682927,32,82,0.3902439024390244
2016,SAS,0.3940121951219512,61,82,0.7439024390243902
2016,TOR,0.3649268292682927,51,82,0.6219512195121951
2016,UTA,0.371609756097561,51,82,0.6219512195121951
2016,WAS,0.37403658536585366,49,82,0.5975609756097561
2017,ATL,0.36346341463414633,24,82,0.2926829268292683
2017,BKN,0.355890243902439,28,82,0.34146341463414637
2017,BOS,0.38128048780487805,55,82,0.6707317073170732
2017,CHA,0.3628780487804878,36,82,0.43902439024390244
2017,CHI,0.3535121951219512,27,82,0.32926829268292684
2017,CLE,0.3723658536585366,50,82,0.6097560975609756
2017,DAL,0.360890243902439,24,82,0.2926829268292683
2017,DEN,0.3672073170731707,46,82,0.5609756097560976
2017,DET,0.37228048780487805,39,82,0.47560975609756095
2017,GSW,0.3888048780487805,58,82,0.7073170731707317
2017,HOU,0.3638292682926829,65,82,0.7926829268292683
2017,IND,0.3657682926829268,48,82,0.5853658536585366
2017,LAC,0.3511585365853659,42,82,0.5121951219512195
2017,LAL,0.3399756097560976,35,82,0.4268292682926829
2017,MEM,0.35098780487804876,22,82,0.2682926829268293
2017,MIA,0.35797560975609755,44,82,0.5365853658536586
2017,MIL,0.3562682926829268,44,82,0.5365853658536586
2017,MIN,0.35800000000000004,47,82,0.573170731707317
2017,NOP,0.3594390243902439,48,82,0.5853658536585366
2017,NYK,0.3525853658536585,29,82,0.35365853658536583
2017,OKC,0.35214634146341467,48,82,0.5853658536585366
2017,ORL,0.3480121951219512,25,82,0.3048780487804878
2017,PHI,0.366890243902439,52,82,0.6341463414634146
2017,PHX,0.3353780487804878,21,82,0.25609756097560976
2017,POR,0.36734146341463414,49,82,0.5975609756097561
2017,SAC,0.37691463414634147,27,82,0.32926829268292684
2017,SAS,0.35225609756097565,47,82,0.573170731707317
2017,TOR,0.35723170731707315,59,82,0.7195121951219512
2017,UTA,0.36653658536585365,48,82,0.5853658536585366
2017,WAS,0.37296341463414634,43,82,0.524390243902439
2018,ATL,0.3509756097560976,29,82,0.35365853658536583
2018,BKN,0.3527804878048781,42,82,0.5121951219512195
2018,BOS,0.3630121951219512,49,82,0.5975609756097561
2018,CHA,0.3512073170731707,39,82,0.47560975609756095
2018,CHI,0.34918292682926827,22,82,0.2682926829268293
2018,CLE,0.3520243902439024,19,82,0.23170731707317074
2018,DAL,0.3414512195121951,33,82,0.4024390243902439
2018,DEN,0.3497073170731707,54,82,0.6585365853658537
2018,DET,0.345780487804878,41,82,0.5
2018,GSW,0.3845,57,82,0.6951219512195121
2018,HOU,0.35363414634146345,53,82,0.6463414634146342
2018,IND,0.3723658536585366,48,82,0.5853658536585366
2018,LAC,0.38753658536585367,48,82,0.5853658536585366
2018,LAL,0.33117073170731703,37,82,0.45121951219512196
2018,MEM,0.3398292682926829,33,82,0.4024390243902439
2018,MIA,0.3505731707317073,39,82,0.47560975609756095
2018,MIL,0.3532439024390244,60,82,0.7317073170731707
2018,MIN,0.3553292682926829,36,82,0.43902439024390244
2018,NOP,0.3440731707317073,33,82,0.4024390243902439
2018,NYK,0.3391463414634146,17,82,0.2073170731707317
2018,OKC,0.35132926829268296,49,82,0.5975609756097561
2018,ORL,0.35691463414634145,42,82,0.5121951219512195
2018,PHI,0.3589390243902439,51,82,0.6219512195121951
2018,PHX,0.3275609756097561,19,82,0.23170731707317074
2018,POR,0.362109756097561,53,82,0.6463414634146342
2018,SAC,0.37678048780487805,39,82,0.47560975609756095
2018,SAS,0.3966707317073171,48,82,0.5853658536585366
2018,TOR,0.3651829268292683,58,82,0.7073170731707317
2018,UTA,0.3545,50,82,0.6097560975609756
2018,WAS,0.33919512195121954,32,82,0.3902439024390244
2019,ATL,0.33244776119402986,20,67,0.29850746268656714
2019,BKN,0.3450972222222222,35,72,0.4861111111111111
2019,BOS,0.3658472222222222,48,72,0.6666666666666666
2019,CHA,0.34927692307692304,23,65,0.35384615384615387
2019,CHI,0.34796923076923075,22,65,0.3384615384615385
2019,CLE,0.34781538461538464,19,65,0.2923076923076923
2019,DAL,0.3668266666666667,43,75,0.5733333333333334
2019,DEN,0.3549452054794521,46,73,0.6301369863013698
2019,DET,0.3682878787878788,20,66,0.30303030303030304
2019,GSW,0.3317538461538462,15,65,0.23076923076923078
2019,HOU,0.346375,44,72,0.6111111111111112
2019,IND,0.3623835616438356,45,73,0.6164383561643836
2019,LAC,0.36944444444444446,49,72,0.6805555555555556
2019,LAL,0.3477042253521127,52,71,0.7323943661971831
2019,MEM,0.3452465753424657,34,73,0.4657534246575342
2019,MIA,0.38019178082191785,44,73,0.6027397260273972
2019,MIL,0.35534246575342465,56,73,0.7671232876712328
2019,MIN,0.3365,19,64,0.296875
2019,NOP,0.36988888888888893,30,72,0.4166666666666667
2019,NYK,0.3382727272727273,21,66,0.3181818181818182
2019,OKC,0.3538888888888889,44,72,0.6111111111111112
2019,ORL,0.3424657534246575,33,73,0.4520547945205479
2019,PHI,0.3667808219178082,43,73,0.589041095890411
2019,PHX,0.35754794520547944,34,73,0.4657534246575342
2019,POR,0.3745135135135135,35,74,0.47297297297297297
2019,SAC,0.3645555555555556,31,72,0.4305555555555556
2019,SAS,0.3745492957746479,32,71,0.4507042253521127
2019,TOR,0.3767916666666667,53,72,0.7361111111111112
2019,UTA,0.3758194444444445,44,72,0.6111111111111112
2019,WAS,0.3684444444444444,25,72,0.3472222222222222
2020,ATL,0.37019444444444444,41,72,0.5694444444444444
2020,BKN,0.3890277777777778,48,72,0.6666666666666666
2020,BOS,0.3754722222222222,36,72,0.5
2020,CHA,0.3679722222222222,33,72,0.4583333333333333
2020,CHI,0.3655277777777778,31,72,0.4305555555555556
2020,CLE,0.3367777777777778,22,72,0.3055555555555556
2020,DAL,0.3595555555555556,42,72,0.5833333333333334
2020,DEN,0.3777916666666667,47,72,0.6527777777777778
2020,DET,0.3515,20,72,0.2777777777777778
2020,GSW,0.37419444444444444,39,72,0.5416666666666666
2020,HOU,0.33863888888888893,17,72,0.2361111111111111
2020,IND,0.36469444444444443,34,72,0.4722222222222222
2020,LAC,0.41255555555555556,47,72,0.6527777777777778
2020,LAL,0.3534305555555555,42,72,0.5833333333333334
2020,MEM,0.35480555555555554,38,72,0.5277777777777778
2020,MIA,0.35911111111111116,40,72,0.5555555555555556
2020,MIL,0.38581944444444444,46,72,0.6388888888888888
2020,MIN,0.3495416666666667,23,72,0.3194444444444444
2020,NOP,0.3469027777777778,31,72,0.4305555555555556
2020,NYK,0.3912777777777778,41,72,0.5694444444444444
2020,OKC,0.33947222222222223,22,72,0.3055555555555556
2020,ORL,0.33902777777777776,21,72,0.2916666666666667
2020,PHI,0.376,49,72,0.6805555555555556
2020,PHX,0.3773333333333333,51,72,0.7083333333333334
2020,POR,0.38605555555555554,42,72,0.5833333333333334
2020,SAC,0.36375,31,72,0.4305555555555556
2020,SAS,0.3467777777777778,33,72,0.4583333333333333
2020,TOR,0.3676111111111111,27,72,0.375
2020,UTA,0.3877777777777778,52,72,0.7222222222222222
2020,WAS,0.3531388888888889,34,72,0.4722222222222222
2021,ATL,0.3717439024390244,43,82,0.524390243902439
2021,BKN,0.3596463414634146,44,82,0.5365853658536586
2021,BOS,0.3524390243902439,51,82,0.6219512195121951
2021,CHA,0.3652073170731707,43,82,0.524390243902439
2021,CHI,0.3665,46,82,0.5609756097560976
2021,CLE,0.35281707317073174,44,82,0.5365853658536586
2021,DAL,0.3510243902439024,52,82,0.6341463414634146
2021,DEN,0.3515487804878049,48,82,0.5853658536585366
2021,DET,0.3271829268292683,23,82,0.2804878048780488
2021,GSW,0.36452439024390243,53,82,0.6463414634146342
2021,HOU,0.34585365853658534,20,82,0.24390243902439024
2021,IND,0.3444878048780488,25,82,0.3048780487804878
2021,LAC,0.37303658536585366,42,82,0.5121951219512195
2021,LAL,0.3468170731707317,33,82,0.4024390243902439
2021,MEM,0.35267073170731705,56,82,0.6829268292682927
2021,MIA,0.3785609756097561,53,82,0.6463414634146342
2021,MIL,0.3656341463414634,51,82,0.6219512195121951
2021,MIN,0.3593292682926829,46,82,0.5609756097560976
2021,NOP,0.3355609756097561,36,82,0.43902439024390244
2021,NYK,0.35668292682926833,37,82,0.45121951219512196
2021,OKC,0.3228780487804878,24,82,0.2926829268292683
2021,ORL,0.3298048780487805,22,82,0.2682926829268293
2021,PHI,0.36385365853658536,51,82,0.6219512195121951
2021,PHX,0.3643780487804878,64,82,0.7804878048780488
2021,POR,0.3424390243902439,27,82,0.32926829268292684
2021,SAC,0.3462682926829268,30,82,0.36585365853658536
2021,SAS,0.35059756097560973,34,82,0.4146341463414634
2021,TOR,0.34903658536585364,48,82,0.5853658536585366
2021,UTA,0.35986585365853657,49,82,0.5975609756097561
2021,WAS,0.3429390243902439,35,82,0.4268292682926829
2022,ATL,0.35339024390243906,41,82,0.5
2022,BKN,0.3801341463414634,45,82,0.5487804878048781
2022,BOS,0.37540243902439024,57,82,0.6951219512195121
2022,CHA,0.3294756097560976,27,82,0.32926829268292684
2022,CHI,0.357,40,82,0.4878048780487805
2022,CLE,0.3663170731707317,51,82,0.6219512195121951
2022,DAL,0.3713170731707317,38,82,0.4634146341463415
2022,DEN,0.3760121951219512,53,82,0.6463414634146342
2022,DET,0.3478780487804878,17,82,0.2073170731707317
2022,GSW,0.3846341463414634,44,82,0.5365853658536586
2022,HOU,0.32314634146341464,22,82,0.2682926829268293
2022,IND,0.3659512195121951,35,82,0.4268292682926829
2022,LAC,0.37682926829268293,44,82,0.5365853658536586
2022,LAL,0.3480365853658537,43,82,0.524390243902439
2022,MEM,0.349780487804878,51,82,0.6219512195121951
2022,MIA,0.34431707317073174,44,82,0.5365853658536586
2022,MIL,0.36791463414634146,58,82,0.7073170731707317
2022,MIN,0.3635121951219512,42,82,0.5121951219512195
2022,NOP,0.3615609756097561,42,82,0.5121951219512195
2022,NYK,0.3538414634146341,47,82,0.573170731707317
2022,OKC,0.356890243902439,40,82,0.4878048780487805
2022,ORL,0.34807317073170735,34,82,0.4146341463414634
2022,PHI,0.38501219512195123,54,82,0.6585365853658537
2022,PHX,0.3713170731707317,45,82,0.5487804878048781
2022,POR,0.3641463414634146,33,82,0.4024390243902439
2022,SAC,0.36771951219512194,48,82,0.5853658536585366
2022,SAS,0.34648780487804876,22,82,0.2682926829268293
2022,TOR,0.3361585365853659,41,82,0.5
2022,UTA,0.35198780487804876,37,82,0.45121951219512196
2022,WAS,0.35423170731707315,35,82,0.4268292682926829
